benchmark,cell,accuracy,ci_lo,ci_hi,mean_flops_per_problem,mean_wallclock_sec,hash_hit_rate,fallback_hit_rate,n
arc,arc_C2_greedy,0.756000,0.716494,0.791602,1.527715e+12,2.427305,0.002000,0.982000,500
arc,arc_A3_style,0.136000,0.108715,0.168836,3.576664e+12,0.128477,0.104000,0.294000,500
arc,arc_direct,0.332000,0.292140,0.374422,2.376834e+12,0.114929,0.002000,0.874000,500
math,math_C2_greedy,0.000000,0.000000,0.018846,2.550993e+12,3.216677,0.000000,1.000000,200
math,math_A3_style,0.000000,0.000000,0.018846,2.325422e+12,0.142982,0.030000,0.780000,200
math,math_direct,0.000000,0.000000,0.018846,1.422086e+12,0.126831,0.945000,1.000000,200
bbh,bbh_C2_greedy,0.206000,0.172856,0.243627,1.931138e+12,2.606682,0.004000,1.000000,500
bbh,bbh_A3_style,0.340000,0.299838,0.382602,1.304968e+12,0.110328,0.250000,1.000000,500
bbh,bbh_direct,0.498000,0.454356,0.541674,9.962597e+11,0.107663,0.080000,1.000000,500
